#input matrix,,,,,,
2,-3,0,0,0,0,-1.66666666666667
-1,4,-1,0,-1,0,0.666666667
0,-1,4,0,0,-1,3
0,0,0,2,-3,0,-1.33333333333333
0,-1,0,-1,4,-1,-0.333333333333333
0,0,-1,0,-1,4,1.666666667
